ID,標籤,主旨,主分類,次分類,檔案名稱,類型,路徑,啟用,負責人,創建日期,最後更新人,最後更新日期
4ced4a5b-abdd-4561-87a3-e8cd4e20dc6b,MM;盤點,MI01 無法建立盤點文件解決方法,SAP/ERP系統,FAQ,MI01無法建立盤點文件解決方法.mht,html,http://sai-wsus12/faq/sap/MI01無法建立盤點文件解決方法.mht,Y,SystemTransfert,2011/07/01,SystemTransfert,2011/07/01
bdaa1843-56f7-437b-af2d-97b6cf5c6132,MM;PP,RCO 物料主檔設定、工單開立流程,SAP/ERP系統,操作手冊,RCO物料主檔設定、工單開立流程.mht,html,http://sai-wsus12/faq/sap/RCO物料主檔設定、工單開立流程.mht,Y,SystemTransfert,2011/07/01,SystemTransfert,2011/07/01
6202408a-a861-4fec-879d-b1582642d3fb,工單;生產版本,工單無法建立，顯示未找到有效的生產版本,SAP/ERP系統,FAQ,工單無法建立.mht,html,http://sai-wsus12/faq/sap/工單無法建立.mht,Y,SystemTransfert,2011/07/07,SystemTransfert,2011/07/07
6f3f2027-4fd2-49e8-9b3c-d6e608052842,報表,SAP報表匯出後抬頭格式問題,SAP/ERP系統,FAQ,SAP報表匯出後抬頭格式問題.mht,html,http://sai-wsus12/faq/sap/SAP報表匯出後抬頭格式問題.mht,Y,SystemTransfert,2011/07/07,SystemTransfert,2011/07/07
87c897e9-1c18-44fb-aa11-976c64795b1e,JOB;背景;SM37,背景執行操作方式,SAP/ERP系統,FAQ,背景執行操作方式.mht,html,http://sai-wsus12/faq/sap/背景執行操作方式.mht,Y,SystemTransfert,2011/07/14,SystemTransfert,2011/07/14
49f722eb-ce15-4e01-bf65-578308797cbc,列印,SAP-利用本機電腦列印文件,SAP/ERP系統,FAQ,SAP-利用本機電腦列印文件.mht,html,http://sai-wsus12/faq/sap/SAP-利用本機電腦列印文件.mht,Y,SystemTransfert,2013/04/17,SystemTransfert,2013/04/17
8ee3b821-7d63-4f6d-83c1-e47f2ae7c3ff,GUI,SAP-GUI 安裝及設定,SAP/ERP系統,操作手冊,SAP_setup.htm,html,http://sai-wsus12/faq/SAP_setup.htm,Y,SystemTransfert,2010/06/03,SystemTransfert,2010/06/03
6447de3e-7e0e-469d-a619-aecf5be85f16,資安;Security;病毒,面對勒索軟體(病毒)威脅，你付錢了嗎？,資訊安全,時事分享,面對勒索軟體(病毒)威脅，你付錢了嗎？.pdf,html,http://sai-wsus12/faq/Knowledge%20Sharing/面對勒索軟體(病毒)威脅，你付錢了嗎？.pdf,Y,SystemTransfert,2016/09/21,SystemTransfert,2016/09/21
c875f538-a2df-481a-bc81-990b53db26dd,軟體;著作權法,○○公司涉使用盜版軟體 侵權金額恐逾2億,資訊安全,時事分享,新聞分享-○○公司涉使用盜版軟體 侵權金額恐逾2億.pdf,html,http://sai-wsus12/faqKnowledge%20Sharing/新聞分享-○○公司涉使用盜版軟體%20侵權金額恐逾2億.pdf,Y,SystemTransfert,2016/10/05,SystemTransfert,2016/10/05
84d08aa9-84af-413c-bfae-efa2e958a485,軟體;著作權法,常見軟體侵權類型&不可不知的著作權法律規範,資訊安全,時事分享,常見軟體侵權類型&不可不知的著作權法律規範.pdf,html,http://sai-wsus12/faqKnowledge%20Sharing/常見軟體侵權類型&不可不知的著作權法律規範.pdf,Y,SystemTransfert,2016/10/26,SystemTransfert,2016/10/26
f26facf8-62f8-46c8-a296-a1502511a47a,密碼,密碼注意事項,資訊安全,時事分享,密碼注意事項.pdf,html,http://sai-wsus12/faq/Knowledge%20Sharing/密碼注意事項.pdf,Y,SystemTransfert,2016/12/05,h7925,2018/11/29
38571c20-a84f-4195-bbf4-abeb47096e13,軟體;著作權法,軟體著作權侵權說明及案例分享,資訊安全,時事分享,軟體著作權侵權說明及案例分享.pdf,html,http://sai-wsus12/faqKnowledge%20Sharing/軟體著作權侵權說明及案例分享.pdf,Y,SystemTransfert,2017/01/24,SystemTransfert,2017/01/24
4021cd06-9305-4952-b81e-a6e4708ddb08,FI;ASSET;固定資產,新舊固資編號查詢方法_ZFIQ001,SAP/ERP系統,操作手冊,新舊固資編號查詢方法_ZFIQ001.mht,html,http://sai-wsus12/faq/sap/新舊固資編號查詢方法_ZFIQ001.mht,Y,SystemTransfert,2011/06/16,SystemTransfert,2011/06/16
0e76f9ed-9951-4097-a50a-c5da013a5bab,PP,工單批號錯誤處理方式,SAP/ERP系統,FAQ,工單批號錯誤處理方式.mht,html,http://sai-wsus12/faq/sap/工單批號錯誤處理方式.mht,Y,SystemTransfert,2011/06/16,SystemTransfert,2011/06/16
d8ff4a77-d17f-48ad-a526-d76207b30baf,PP,無法更改批次管理需求解決方法,SAP/ERP系統,FQA,無法更改批次管理需求解決方法.mht,html,http://sai-wsus12/faq/sap/無法更改批次管理需求解決方法.mht,Y,SystemTransfert,2011/06/16,SystemTransfert,2018/11/28
f669e926-38b0-49da-acca-2201696fe3b1,MM,ZMM017跑表一直被取消解決方法,SAP/ERP系統,FAQ,zmm017為何跑表一直被取消.mht,html,http://sai-wsus12/faq/sap/zmm017為何跑表一直被取消.mht,Y,SystemTransfert,2011/07/01,SystemTransfert,2011/07/01
68dd21c7-b3fa-4c71-bfe8-8d13f69bccad,行動支付;ApplePay,Apple Pay提醒的資安警訊,資訊安全,時事分享,Apple Pay提醒的資安警訊.pdf,file,http://sai-wsus12/faq/Knowledge%20Sharing/Apple%20Pay提醒的資安警訊.pdf,Y,SystemTransfert,2017/04/24,SystemTransfert,2018/11/27
c65ff2f5-3c48-4800-89f1-35865f2e0c7b, ,科技大廠內鬼還真多！ 群○、台○電連環爆,資訊安全,時事分享,科技大廠內鬼還真多！ 群○、台○電連環爆.pdf,html,http://sai-wsus12/faqKnowledge%20Sharing/科技大廠內鬼還真多！%20群○、台○電連環爆.pdf,Y,SystemTransfert,2017/05/05,SystemTransfert,2017/05/05
57efa5ac-ca4b-49be-994c-c9e29ce34561,智慧,Akamai亞太區安全技術長：臺灣為何成為WannaCry重災區，使用者缺乏○○○○習慣惹禍,資訊安全,時事分享,Akamai亞太區安全技術長：臺灣為何成為WannaCry重災區，使用者缺乏○○○○習慣惹禍.pdf,html,http://sai-wsus12/faqKnowledge%20Sharing/Akamai亞太區安全技術長：臺灣為何成為WannaCry重災區，使用者缺乏○○○○習慣惹禍.pdf,Y,SystemTransfert,2017/06/01,SystemTransfert,2017/06/01
6c3dcf7a-e4ad-4ab4-9f11-46f68210bff4, ,工業4.0 讓製造變得更智慧,資訊安全,時事分享,工業4.0 讓製造變得更智慧.pdf,html,http://sai-wsus12/faqKnowledge%20Sharing/工業4.0%20讓製造變得更智慧.pdf,Y,SystemTransfert,2017/12/26,SystemTransfert,2017/12/26
aa49547b-136b-490c-b891-a25bfb10bb75, ,資訊設備統一命名規範,軟體安裝及操作,FAQ,資訊設備統一命名規範.mht,html,http://sai-wsus12/faq/software&knowledge/資訊設備統一命名規範.mht,Y,SystemTransfert,2010/06/03,SystemTransfert,2010/06/03
a4f6a228-d95f-4c43-9056-ac67689fdcc7, ,替代軟體放置路徑,軟體安裝及操作,FAQ,,html,file://sai-fas3210-01a\1.公用資料\1.6%20安裝軟體\1.6.2%20自由軟體,Y,SystemTransfert,2010/06/03,SystemTransfert,2010/06/03
ecd94b98-bd69-4ba0-b2ea-764b0fc484a7,EMAIL;SPAM,NEW-如何查看還未寄出通知的攔截信件,軟體安裝及操作,Mail,sqr_spam_mail.mht,html,http://sai-wsus12/faq/http://sai-wsus12/faq/software&knowledge/sqr_spam_mail.mht,Y,SystemTransfert,2016/07/13,SystemTransfert,2016/07/13
4345068b-2256-4f46-8829-89821bd9d113,EMAIL;SPAM,NEW-如何收到被隔離的「垃圾信」(白名單設定),軟體安裝及操作,Mail,sqR_white_list.mht,html,http://sai-wsus12/faq/http://sai-wsus12/faq/software&knowledge/sqR_white_list.mht,Y,SystemTransfert,2016/07/13,SystemTransfert,2016/07/13
8e07dbcd-3fc5-4045-b125-00dac8203257,EMAIL;SPAM,Mail - 如何收到被隔離的「垃圾信」(白名單設定),軟體安裝及操作,Mail,white_list.mht,html,http://sai-wsus12/faq/software&knowledge/white_list.mht,Y,SystemTransfert,1900/01/01,SystemTransfert,1900/01/01
da2ea641-7553-453e-8e08-18aff4213369,EMAIL;SPAM,Mail - 如何查看是否有沒收到的外部信件,軟體安裝及操作,Mail,spam_mail.mht,html,http://sai-wsus12/faq/software&knowledge/spam_mail.mht,Y,SystemTransfert,1900/01/01,SystemTransfert,1900/01/01
8ddcda06-6c1e-464f-bdb0-9ce9b90b5265, ,Mail-大量匯出及匯入白名單步驟,軟體安裝及操作,Mail,大量匯出白名單.mht,html,http://sai-wsus12/faq/software&knowledge/大量匯出白名單.mht,Y,SystemTransfert,1900/01/01,SystemTransfert,1900/01/01
822066cc-e394-4360-a33b-801769a487eb, ,Mail-寄來郵件已加入白名單後卻仍被隔離,軟體安裝及操作,Mail,寄來郵件已加入白名單後卻仍被隔離.mht,html,http://sai-wsus12/faq/software&knowledge/寄來郵件已加入白名單後卻仍被隔離.mht,Y,SystemTransfert,2014/12/16,SystemTransfert,2014/12/16
70e92ddb-8ad4-4dce-b867-64f77f80f355, ,在公司外部收取郵件及使用EASYFLOW,軟體安裝及操作,Mail,use-mail-easyflow-home.htm,html,http://sai-wsus12/faq/use-mail-easyflow-home.htm,Y,SystemTransfert,2010/06/03,SystemTransfert,2010/06/03
5b6bc03d-36df-4dd5-9ef8-e762c0b968e2, ,EasyFlow - 帳號登入範例,軟體安裝及操作,操作手冊,EasyFlow帳號登入範例.mht,html,http://sai-wsus12/faq/software&knowledge/EasyFlow帳號登入範例.mht,Y,SystemTransfert,2010/06/03,SystemTransfert,2010/06/03
79203219-9bf3-497e-a83a-eff024da10a7, ,FileServer-檔案及資料夾還原教學,軟體安裝及操作,操作手冊,fileserver_recovery.htm,html,http://sai-wsus12/faq/fileserver_recovery.htm,Y,SystemTransfert,2010/08/31,SystemTransfert,2010/08/31
0fa6ccce-3280-4a33-a971-7cd8b00c9c24, ,連線網路磁碟機(公用資料夾、部門資料夾、公用暫存資料),軟體安裝及操作,操作手冊,連線網路磁碟機.htm,html,http://sai-wsus12/faq/連線網路磁碟機.htm,Y,SystemTransfert,2010/12/31,SystemTransfert,2010/12/31
95ef0911-7459-4d17-92dd-60b042767ca5, ,如何設定共用及設定安全性,軟體安裝及操作,操作手冊,set-share-authority.htm,html,http://sai-wsus12/faq/set-share-authority.htm,Y,SystemTransfert,2010/06/03,SystemTransfert,2010/06/03
033bd90d-0505-42c1-b4ef-af63d3b60092, ,查詢IP的方法,軟體安裝及操作,操作手冊,inquire-ip.mht,html,http://sai-wsus12/faq/software&knowledge/inquire-ip.mht,Y,SystemTransfert,2010/06/03,SystemTransfert,2010/06/03
58a45c07-5c1b-496e-b651-bc97f7f27f16, ,如何查詢電腦名稱,軟體安裝及操作,操作手冊,inquire-pcname.htm,html,http://sai-wsus12/faq/inquire-pcname.htm,Y,SystemTransfert,2010/06/03,SystemTransfert,2010/06/03
88e11850-5b31-43a9-a9b0-381db6845f1a, ,針對Code39條碼字母大小寫問題,軟體安裝及操作,操作手冊,針對Code39條碼字母大小寫問題.mht,html,http://sai-wsus12/faq/software&knowledge/針對Code39條碼字母大小寫問題.mht,Y,SystemTransfert,2011/05/24,SystemTransfert,2011/05/24
e081d864-14c0-42b6-9a58-07985729ce61, ,使用WinRAR來壓縮＆切割檔案,軟體安裝及操作,WINRAR,winrar.mht,html,http://sai-wsus12/faq/software&knowledge/winrar.mht,Y,SystemTransfert,2010/06/03,SystemTransfert,2010/06/03
e9662abb-280b-446f-a200-5bfc650942b9,SCAN,名片掃描教學,軟體安裝及操作,SCAN,名片掃描.mht,html,http://sai-wsus12/faq/software&knowledge/名片掃描.mht,Y,SystemTransfert,2013/06/03,SystemTransfert,2013/06/03
b5c748f8-95ed-4795-8bed-a2d1412e9d35, ,無法新增印表機,軟體安裝及操作,印表機,無法新增印表機.mht,html,http://sai-wsus12/faq/software&knowledge/無法新增印表機.mht,Y,SystemTransfert,2013/01/17,SystemTransfert,2013/01/17
0d7170de-86e8-4ed7-a33d-fa8f61b20e5c, ,關掉防火牆 FOR XP,軟體安裝及操作,防火牆,關掉防火牆 FOR XP.mht,html,http://sai-wsus12/faq/software&knowledge/關掉防火牆%20FOR%20XP.mht,Y,SystemTransfert,2013/04/24,SystemTransfert,2013/04/24
07a5aa23-2a9b-453b-a933-ccd2e2fae9d0, ,關閉防火牆 FOR WIN 7,軟體安裝及操作,防火牆,關閉防火牆 FOR WIN 7.mht,html,http://sai-wsus12/faq/software&knowledge/關閉防火牆%20FOR%20WIN%207.mht,Y,SystemTransfert,2013/04/24,SystemTransfert,2013/04/24
520a7a28-8f80-492c-bd80-a961f78c7a57,遠端連線;遠端桌面,查詢小電腦IP,軟體安裝及操作,操作手冊,如何看小電腦IP.mht,html,http://sai-wsus12/faq/software&knowledge/如何看小電腦IP.mht,Y,SystemTransfert,2013/04/24,SystemTransfert,2013/04/24
43cd59d7-7a40-495c-b20c-ef9e3c1e48b8,資訊安全;密碼方,修改各系統密碼方法,軟體安裝及操作,操作手冊,修改各系統密碼方法.htm,html,http://sai-wsus12/faq/修改各系統密碼方法.htm,Y,SystemTransfert,2013/05/21,SystemTransfert,2013/05/21
42b7f9a5-c6c7-4652-8355-53ab9c22fdf7, ,MCS-安裝教學,MCS,操作手冊,MCS_setup.htm,html,http://sai-wsus12/faq/MCS_setup.htm,Y,SystemTransfert,2010/06/03,SystemTransfert,2010/06/03
c93f28f6-a9b5-4eb6-b677-698771e0e314, ,PLMDEV-測式機安裝教學,PLM,操作手冊,PLM安裝教學.htm,html,http://sai-wsus12/faq/PLM安裝教學.htm,Y,SystemTransfert,2011/12/06,SystemTransfert,2011/12/06
2b5c8f03-5c20-46c0-b020-9cd4e4b4c604, ,PLMPRD-正式機安裝教學,PLM,操作手冊,PLM正式機安裝教學.htm,html,http://sai-wsus12/faq/PLM正式機安裝教學.htm,Y,SystemTransfert,2012/01/01,SystemTransfert,2012/01/01
723ddfda-3824-481e-b692-557b3002e1cf, ,PLM-特殊字元使用教學,PLM,操作手冊,特殊字元使用說明.mht,html,http://sai-wsus12/faq/software&knowledge/特殊字元使用說明.mht,Y,SystemTransfert,2012/10/23,SystemTransfert,2012/10/23
77c9c3eb-0425-4a82-b06c-85d98a35addf, ,PLM SOP (APQP、專案和圖文管理),PLM,操作手冊,,html,file://sai-fas3210-01a\1.公用資料\1.8%20知識分享\1.8.1%20文管中心資料庫(文管)\1.8.1.1%20品質系統資料庫\PLM專案建立\2011%209W1%20第1階段啟動-專案／圖文管理\2011-12-01%20SOP%20APQP&DOC,Y,SystemTransfert,2011/12/01,SystemTransfert,2011/12/01
353af95f-17f5-4343-841f-7cf3e2c42785, ,PLM SOP (ECR/ECN、異常通知單和8D),PLM,操作手冊,,html,file://sai-fas3210-01a\1.公用資料\1.8%20知識分享\1.8.1%20文管中心資料庫(文管)\1.8.1.1%20品質系統資料庫\PLM專案建立\2012%206W2%20第2階段啟動\2012%2012W1%20SOP,Y,SystemTransfert,2012/12/01,SystemTransfert,2012/12/01
814469ce-3fdc-4f70-bd47-43ad4f47141f, ,正航軟體-安裝教學,正航系統,操作手冊,Setup_Chi-system.mht,html,http://sai-wsus12/faq/software&knowledge/Setup_Chi-system.mht,Y,SystemTransfert,2010/06/03,SystemTransfert,2010/06/03
8ec9ecf6-bf82-4d82-a942-f15974b2b90a, ,印表機-安裝教學,軟體安裝及操作,印表機,印表機安裝說明.mht,html,http://sai-wsus12/faq/software&knowledge/印表機安裝說明.mht,Y,SystemTransfert,2011/11/24,SystemTransfert,2011/11/24
00437578-1e8b-4648-87f9-39b421b04ee0,PDF,Dr.eye-譯點通安裝教學,軟體安裝及操作,Dr.eye,Dr_setup.htm,html,http://sai-wsus12/faq/Dr_setup.htm,Y,SystemTransfert,2010/06/03,SystemTransfert,2010/06/03
22165ffa-6224-4876-bb38-e1c1bf8dc46e,PDF,PDF - 安裝閱讀軟體,軟體安裝及操作,PDF,pdf_setup.mht,html,http://sai-wsus12/faq/software&knowledge/pdf_setup.mht,Y,SystemTransfert,2011/03/17,SystemTransfert,2011/03/17
606661e0-80b7-45cc-84cc-f4b321e5c502,PDF,PDF - 安裝PDF995軟體,軟體安裝及操作,PDF,setup_pdf995.mht,html,http://sai-wsus12/faq/software&knowledge/setup_pdf995.mht,Y,SystemTransfert,2010/06/03,SystemTransfert,2010/06/03
cb901e12-69bb-4638-8ec7-bc618ab8d456, ,PDF - PDF轉WORD(線上轉檔),軟體安裝及操作,PDF,pdf2word.htm,html,http://sai-wsus12/faq/pdf2word.htm,Y,SystemTransfert,2010/06/03,SystemTransfert,2010/06/03
dfea6d1c-b5e8-4e0f-a1ca-5a40e813827d,輸入法,輸入法安裝,軟體安裝及操作,輸入法,,html,file://sai-fas3210-01a\1.公用資料\1.6%20安裝軟體\1.6.2%20自由軟體\輸入法軟體,Y,SystemTransfert,2010/06/03,SystemTransfert,2010/06/03
72485fd2-3e58-4424-bd4a-345109d60169, ,XnView看圖程式安裝教學,軟體安裝及操作,XnView,安裝XnView看圖程式.mht,html,http://sai-wsus12/faq/software&knowledge/安裝XnView看圖程式.mht,Y,SystemTransfert,2010/10/21,SystemTransfert,2010/10/21
151dbd37-992f-451c-905b-da9e9dbb45e5, ,VNC安裝及使用教學,軟體安裝及操作,VNC,VNC.mht,html,http://sai-wsus12/faq/software&knowledge/VNC.mht,Y,SystemTransfert,2014/10/01,SystemTransfert,2014/10/01
93320788-c10f-4faf-a3e6-abf8a2eea7b0, ,Zebra BAR-ONE 安裝教學,軟體安裝及操作,Zebra BAR-ONE ,Zebra BAR-ONE 安裝步驟.htm,html,http://sai-wsus12/faq/Zebra%20BAR-ONE%20安裝步驟.htm,Y,SystemTransfert,2011/05/16,SystemTransfert,2011/05/16
9eb15fe7-8da8-480d-b077-a0d8c01649eb, ,VPN -Terminal登入步驟,軟體安裝及操作,VNC,VPN登入Terminal連線操作手冊.pdf,html,http://sai-wsus12/faq/VPN登入Terminal連線操作手冊.pdf,Y,SystemTransfert,2017/09/26,SystemTransfert,2017/09/26
0d4232c0-d6a9-4bf4-a501-7aad95934317, ,201會議室-視訊會議系統使用說明,軟體安裝及操作,會議室,201會議室投影機設定方式.pdf,html,http://sai-wsus12/faq/會議室操作手冊/201會議室投影機設定方式.pdf,Y,SystemTransfert,2014/06/06,SystemTransfert,2014/06/06
0fae805b-f24c-483c-98a9-1471df4dcd8b, ,網路正常，但瀏覽器異常,軟體安裝及操作,FAQ,netsh_reset.mht,html,http://sai-wsus12/faq/software&knowledge/netsh_reset.mht,Y,SystemTransfert,2015/01/01,SystemTransfert,2015/01/01
db3f2201-bb3d-4516-852e-b656755c8115, ,CNC智能化Android APP安裝說明,軟體安裝及操作,CNC智能化,CNC_Android安裝說明.mht,html,http://sai-wsus12/faq/software&knowledge/CNC_Android安裝說明.mht,Y,SystemTransfert,2015/04/02,SystemTransfert,2015/04/02
6f94dce3-8b8f-4fc3-809b-7b4f7901daa4, ,監視器軟體安裝教學,軟體安裝及操作,監視器,監視器軟體安裝教學.htm,html,http://sai-wsus12/faq/監視器軟體安裝教學.htm,Y,SystemTransfert,2015/11/24,SystemTransfert,2015/11/24
671837c1-999f-451d-a8ab-8a52a7516030,遠端連線;遠端桌面,遠端桌面連線最佳連線效能調整,軟體安裝及操作,遠端桌面,遠端桌面連線最佳連線效能調整.htm,html,http://sai-wsus12/faq/遠端桌面連線最佳連線效能調整.htm,Y,SystemTransfert,2016/05/09,SystemTransfert,2016/05/09
6f732d74-5c20-4d8f-9d52-aeb855982a31, ,VNC執行但無法使用,軟體安裝及操作,FAQ,VNC執行但無法使用.pdf,html,http://sai-wsus12/faq/資訊知識庫(new)/VNC執行但無法使用.pdf,Y,SystemTransfert,2017/07/03,SystemTransfert,2017/07/03
37a35d83-0c84-4204-b000-1a304482df07, ,影印機登入及掃瞄操作手冊,軟體安裝及操作,操作手冊,02.影印機登入及掃瞄操作手冊.pdf,html,http://sai-wsus12/faq/SCANNIG/02.影印機登入及掃瞄操作手冊.pdf,Y,SystemTransfert,2018/02/22,SystemTransfert,2018/02/22
3df4711e-6eba-4481-bba4-2273a59ec213, ,安裝影印機並使用影印機列印操作手冊,軟體安裝及操作,操作手冊,03.安裝影印機並使用影印機列印操作手冊.pdf,html,http://sai-wsus12/faq/SCANNIG/03.安裝影印機並使用影印機列印操作手冊.pdf,Y,SystemTransfert,2018/02/22,SystemTransfert,2018/02/22
278ce565-0896-42e1-9778-61ec3c911cac, ,DELL 終端機使用Citrix 查看IP,軟體安裝及操作,FAQ,DELL 終端機使用Citrix查看IP.pdf,html,http://sai-wsus12/faq/資訊知識庫(new)/DELL%20終端機使用Citrix查看IP.pdf,Y,SystemTransfert,2018/06/15,SystemTransfert,2018/06/15
75942bf2-0ddd-4f74-bf0d-ca7ba2b4eac3, ,Citrix系統於公司外部網路連線教學,軟體安裝及操作,操作手冊,CITRIX系統連線說明及問題排除.mht,html,http://sai-wsus12/faq/CITRIX系統連線說明及問題排除.mht,Y,SystemTransfert,2018/11/01,SystemTransfert,2018/11/01
5b8b9889-b737-4310-b684-7ff26baab333,Office;微軟,OUTLOOK - 會議室預約說明及注意事項,軟體安裝及操作,Mail,會議室預約說明及注意事項.mht,html,http://sai-wsus12/faq/MSOffice/會議室預約說明及注意事項.mht,Y,SystemTransfert,2010/06/03,SystemTransfert,2010/06/03
6e624129-b4b7-4145-9ad2-d3e9ee5d8263,Office;微軟,用OUTLOOK查詢會議室借用行程,軟體安裝及操作,Mail,room_query.mht,html,http://sai-wsus12/faq/MSOffice/room_query.mht,Y,SystemTransfert,2012/03/23,SystemTransfert,2012/03/23
266f1d6e-de03-4b9f-a941-b91dd5d74154,Office;微軟,OUTLOOK修改及刪除會議室預約借用行程,軟體安裝及操作,Mail,Outlook修改及刪除會議室預約借用行程.mht,html,http://sai-wsus12/faq/MSOffice/Outlook修改及刪除會議室預約借用行程.mht,Y,SystemTransfert,2014/07/14,SystemTransfert,2014/07/14
53801361-14ee-42ba-a230-9800acbd5d31,Office;微軟,OUTLOOK - 設定郵件帳號 (2003),軟體安裝及操作,Mail,set-mail-account.mht,html,http://sai-wsus12/faq/MSOffice/set-mail-account.mht,Y,SystemTransfert,2010/06/03,SystemTransfert,2010/06/03
3ab4bf2f-bed6-4dc1-8238-c730c4319154,Office;微軟,OUTLOOK - 設定郵件帳號 (2010),軟體安裝及操作,Mail,Outlook2010設定郵件教學.mht,html,http://sai-wsus12/faq/MSOffice/Outlook2010設定郵件教學.mht,Y,SystemTransfert,2010/06/03,SystemTransfert,2010/06/03
8e30f5f8-b984-493a-84f5-e79490c121e4,Office;微軟,OUTLOOK - 新增郵件資料夾,軟體安裝及操作,Mail,OUTLOOK-新增郵件資料夾.mht,html,http://sai-wsus12/faq/MSOffice/OUTLOOK-新增郵件資料夾.mht,Y,SystemTransfert,2010/06/03,SystemTransfert,2010/06/03
cf9c5b50-7be5-4c2c-89da-4ccb6a163c2f,Office;微軟,OUTLOOK - 郵件簽名檔設定教學,軟體安裝及操作,Mail,SAI郵件簽名檔使用說明.mht,html,http://sai-wsus12/faq/MSOffice/SAI郵件簽名檔使用說明.mht,Y,SystemTransfert,2017/07/26,SystemTransfert,2017/07/26
082b40a5-dd8c-4859-8897-7edeebcdb2ae,Office;微軟,安裝Project 2010 及 Visio 2010 ,軟體安裝及操作,Project,ProjectAndVisio2010.mht,html,http://sai-wsus12/faq/MSOffice/ProjectAndVisio2010.mht,Y,SystemTransfert,2011/08/30,SystemTransfert,2011/08/30
4f5e8226-23db-4bd5-83a5-880ea0184675,Office;微軟,安裝Office 2010教學,軟體安裝及操作,Office,Office2010安裝.mht,html,http://sai-wsus12/faq/MSOffice/Office2010安裝.mht,Y,SystemTransfert,2011/09/19,SystemTransfert,2011/09/19
0caa4c1e-6596-4651-bf1c-dda156e1e617,Office;微軟,OUTLOOK - 修護郵件個人資料夾,軟體安裝及操作,Mail,recover-mail.mht,html,http://sai-wsus12/faq/MSOffice/recover-mail.mht,Y,SystemTransfert,2011/11/23,SystemTransfert,2011/11/23
a529dd7d-5a29-4ca9-b133-c5cd1909fe60,Office;微軟,Office2007轉檔安裝程式,軟體安裝及操作,Office,,html,file://sai-fas3210-01a\1.公用資料\1.6%20安裝軟體\1.6.4%20其他\(OFFICE)\office2007to2003轉檔\FileFormatConverters.exe,Y,SystemTransfert,2010/06/03,SystemTransfert,2010/06/03
96d73108-8939-4109-80af-c0e278ecb3ad,Office;微軟,office 2010_新舊版功能參照表格,軟體安裝及操作,Office,office 2010_新舊版功能參照表格.mht,html,http://sai-wsus12/faq/MSOffice/office%202010_新舊版功能參照表格.mht,Y,SystemTransfert,2012/05/22,SystemTransfert,2012/05/22
2dfa939e-57ed-4982-aa43-0bcdf791ab06, ,BCMSetup,軟體安裝及操作,操作手冊,BCMSetup.mht,html,http://sai-wsus12/faq/MSOffice/BCMSetup.mht,Y,SystemTransfert,2013/05/30,SystemTransfert,2013/05/30
7e5933e2-9fb9-44f0-8aa0-1a5119c6f79a,Office;微軟,更改 Microsoft Project 顯示的日期格式,軟體安裝及操作,Project,更改MicrosoftProject顯示的日期格式.mht,html,http://sai-wsus12/faq/MSOffice/更改MicrosoftProject顯示的日期格式.mht,Y,SystemTransfert,2014/07/09,SystemTransfert,2014/07/09
de31ec00-7874-4161-a68f-3051383d67eb,Office;微軟,查看我的電子郵件信箱在伺服器上使用了多少空間,軟體安裝及操作,Mail,mail空間查看.mht,html,http://sai-wsus12/faq/MSOffice/mail空間查看.mht,Y,SystemTransfert,2015/04/13,SystemTransfert,2015/04/13
fe8f51b7-7208-43c9-812b-30f6beaef9ca,Office;微軟,刪除OUTLOOK過期行事曆,軟體安裝及操作,Mail,刪除過期行事曆.mht,html,http://sai-wsus12/faq/MSOffice/刪除過期行事曆.mht,Y,SystemTransfert,2014/07/22,SystemTransfert,2014/07/22
b6c7fe9a-7b7a-42a7-bb28-2334da8bb79f,Office;微軟;EMail,OUTLOOK-自動回覆設定,軟體安裝及操作,Mail,OUTLOOK_AutoReply.mht,html,http://sai-wsus12/faq/OUTLOOK_AutoReply.mht,Y,SystemTransfert,2018/08/27,SystemTransfert,2018/08/27
722d4129-66ed-4bf2-a311-ac28e11e3d5b, ,【３Ｄ繪圖】AutoCAD - 軟體安裝教學,工程軟體,安裝手冊,setup_AutoCAD.mht,html,http://sai-wsus12/faq/engineering/setup_AutoCAD.mht,Y,SystemTransfert,2010/06/03,SystemTransfert,2010/06/03
650687e4-654b-40da-ab0e-0f2434767dc1, ,【２Ｄ繪圖】ZwCAD 2012標準版安裝步驟,工程軟體,安裝手冊,Setup-ZwCAD.mht,html,http://sai-wsus12/faq/engineering/Setup-ZwCAD.mht,Y,SystemTransfert,2010/06/03,SystemTransfert,2010/06/03
f1d3c185-d9c7-45a0-a7fa-51ce6f95d20a, ,Minitab 16安裝教學,工程軟體,安裝手冊,minitabe16安裝教學.mht,html,http://sai-wsus12/faq/engineering/minitabe16安裝教學.mht,Y,SystemTransfert,2011/01/04,SystemTransfert,2011/01/04
cc73391d-fc2a-4ceb-85d9-c643e66369f8, ,Mastercam X4 安裝教學,工程軟體,安裝手冊,MastercamX4安裝教學.mht,html,http://sai-wsus12/faq/engineering/MastercamX4安裝教學.mht,Y,SystemTransfert,2011/06/14,SystemTransfert,2011/06/14
8a70ea4c-1d2d-40fd-b140-c7985cbf5e57, ,POWER MILL 2013 安裝流程,工程軟體,安裝手冊,POWER MILL 2013 安裝流程.mht,html,http://sai-wsus12/faq/engineering/POWER%20MILL%202013%20安裝流程.mht,Y,SystemTransfert,2013/12/16,SystemTransfert,2013/12/16
8b47f535-809a-4fab-b99f-fa415405b88d, ,Proe 安裝步驟說明,工程軟體,安裝手冊,proe_setup.mht,html,http://sai-wsus12/faq/engineering/proe_setup.mht,Y,SystemTransfert,2011/05/25,SystemTransfert,2011/05/25
a8c23a76-bd05-4e13-aba2-1272ac300171, ,Abaqus Install-6.13-正版安裝說明,工程軟體,安裝手冊,Abaqus Install-6.13-正版安裝說明.pdf,html,http://sai-wsus12/faq/engineering/Abaqus%20Install-6.13-正版安裝說明.pdf,Y,SystemTransfert,1900/01/01,SystemTransfert,1900/01/01
b0db15d0-ed9f-4113-891d-904281ba413f, ,Abaqus613-正版安裝說明,工程軟體,安裝手冊,Abaqus613-正版安裝說明.pptx,html,http://sai-wsus12/faq/engineering/Abaqus613-正版安裝說明.pptx,Y,SystemTransfert,1900/01/01,SystemTransfert,1900/01/01
654bcb11-232c-4fb3-870d-a062f2fa8764, ,KeyShot 網路版安裝說明,工程軟體,安裝手冊,keyshot_setup.pdf,html,http://sai-wsus12/faq/keyshot_setup.pdf,Y,SystemTransfert,2016/06/17,SystemTransfert,2016/06/17
ef4d3114-73df-4a32-842c-f91b4ac3ee9d, ,FireFox安裝流程,BPM,FAQ,FireFox安裝流程.mht,html,http://sai-wsus12/faq/BPM/FireFox安裝流程.mht,Y,SystemTransfert,2013/04/24,SystemTransfert,2013/04/24
0ccca22b-b93a-47da-b464-aded49236102,印表機,BPM列印功能無法使用,BPM,FAQ,STEP 1.mht,html,http://sai-wsus12/faq/BPM/STEP%201.mht,Y,SystemTransfert,2013/04/24,SystemTransfert,2013/04/24
e167b2ca-66df-4d5d-8bf1-0e3b352a8263, ,巨集開啟方式,BPM,FAQ,巨集開啟方式.mht,html,http://sai-wsus12/faq/BPM/巨集開啟方式.mht,Y,SystemTransfert,2013/04/24,SystemTransfert,2013/04/24
02ace49e-f8fd-4477-8b79-4c94a6ede846, ,輪班表班別轉換巨集使用方法,BPM,FAQ,巨集使用方法.mht,html,http://sai-wsus12/faq/BPM/巨集使用方法.mht,Y,SystemTransfert,2013/04/24,SystemTransfert,2013/04/24
4ab4b9fa-e6d8-4e56-8472-b7f926619fd3,外出;代理人,BPM外出設置,BPM,操作手冊,BPM_外出設置.mht,html,http://sai-wsus12/faq/BPM/BPM_外出設置.mht,Y,SystemTransfert,2013/04/24,SystemTransfert,2013/04/24
4b41f366-593a-4e39-9020-6eb0e2bcc3da,附件,BPM上的無法附檔之解決方法,BPM,FAQ,BPM上的無法附檔之解決方法.mht,html,http://sai-wsus12/faq/BPM/BPM上的無法附檔之解決方法.mht,Y,SystemTransfert,2013/04/24,SystemTransfert,2013/04/24
6dfadc97-6346-4101-81ed-0c1b3987866a, ,資訊服務申請單操作流程,BPM,操作手冊,BPM_資訊服務申請單操作流程.mht,html,http://sai-wsus12/faq/BPM/BPM_資訊服務申請單操作流程.mht,Y,SystemTransfert,2013/11/27,SystemTransfert,2013/11/27
67e6cf7b-0f14-4102-8505-a3385309249c, ,資訊服務申請單-檔案伺服器資料夾權限申請流程說明,BPM,操作手冊,file_step.mht,html,http://sai-wsus12/faq/BPM/file_step.mht,Y,SystemTransfert,2013/11/27,SystemTransfert,2013/11/27
298bc80d-c8b5-4719-a18b-ed7abc7ecd7f, ,請假單_Ver.4操作流程,BPM,操作手冊,BPM_請假單_V4.mht,html,http://sai-wsus12/faq/BPM/BPM_請假單_V4.mht,Y,SystemTransfert,2018/10/09,SystemTransfert,2018/10/09
eb5ddcfc-5fcf-455a-b69a-fbafe1d58dbe, ,加班單操作流程,BPM,操作手冊,BPM_加班單.mht,html,http://sai-wsus12/faq/BPM/BPM_加班單.mht,Y,SystemTransfert,2013/11/27,SystemTransfert,2013/11/27
2353862a-119c-45f4-a3ac-e7771041e7b9, ,補刷卡單操作流程,BPM,操作手冊,BPM_補刷卡單.mht,html,http://sai-wsus12/faq/BPM/BPM_補刷卡單.mht,Y,SystemTransfert,2013/11/27,SystemTransfert,2013/11/27
4cd850bd-0724-4eb6-9537-c9f9bf3c782f, ,輪班單操作流程,BPM,操作手冊,BPM_輪班表.mht,html,http://sai-wsus12/faq/BPM/BPM_輪班表.mht,Y,SystemTransfert,2013/11/27,SystemTransfert,2013/11/27
16b8729d-de87-4a8c-bcd6-188c1d40d7bc, ,加班單及請假單取消操作流程,BPM,操作手冊,BPM_加班單及請假單取消.mht,html,http://sai-wsus12/faq/BPM/BPM_加班單及請假單取消.mht,Y,SystemTransfert,2013/11/27,SystemTransfert,2013/11/27
5326cab6-0aec-4e2a-b93d-babe3e976f6e, ,SHIPPING_NOTICE操作流程,BPM,操作手冊,BPM_SHIPPING_NOTICE操作流程.mht,html,http://sai-wsus12/faq/BPM/BPM_SHIPPING_NOTICE操作流程.mht,Y,SystemTransfert,2013/11/27,SystemTransfert,2013/11/27
a015c957-4c16-4dd8-b0e8-d60882155382, ,公出及費用申請單操作流程,BPM,操作手冊,BPM_公出及費用申請單.mht,html,http://sai-wsus12/faq/BPM/BPM_公出及費用申請單.mht,Y,SystemTransfert,2013/11/27,SystemTransfert,2013/11/27
443830e3-7480-4bc4-8bbf-75795d1a5c33, ,物品放行條操作流程,BPM,操作手冊,BPM_物品放行條操作說明.mht,html,http://sai-wsus12/faq/BPM/BPM_物品放行條操作說明.mht,Y,SystemTransfert,2013/11/27,SystemTransfert,2013/11/27
eb5dc6f6-82e6-4165-98f2-013038667b34, ,空運快遞出貨需求單操作流程,BPM,操作手冊,BPM_空運快遞出貨需求單操作流程.mht,html,http://sai-wsus12/faq/BPM/BPM_空運快遞出貨需求單操作流程.mht,Y,SystemTransfert,2014/07/24,SystemTransfert,2014/07/24
639bddd1-ec47-40b7-b398-b611e23213ea, ,停車場申請流程,BPM,操作手冊,使用者操作手冊_停車場租用_V01.mht,html,http://sai-wsus12/faq/BPM/使用者操作手冊_停車場租用_V01.mht,Y,SystemTransfert,2014/07/24,SystemTransfert,2014/07/24
d969edfc-8c5b-41c9-ace3-0a2983139df8, ,電話分機表申請流程,BPM,操作手冊,電話分機表_使用者操作手冊__V01.mht,html,http://sai-wsus12/faq/BPM/電話分機表_使用者操作手冊__V01.mht,Y,SystemTransfert,2014/06/10,SystemTransfert,2014/06/10
f5eb224d-8185-48a9-b9de-c15a4c2b3ca3, ,進口貨物請購單,BPM,操作手冊,BPM_進口貨物請購單操作流程.mht,html,http://sai-wsus12/faq/BPM/BPM_進口貨物請購單操作流程.mht,Y,SystemTransfert,2014/07/24,SystemTransfert,2014/07/24
03be2b38-2c0b-4fc8-8e54-eb0915f7d8bd, ,來訪人員預定申請單,BPM,操作手冊,BPM_來訪人員預定申請單_V1.0.mht,html,http://sai-wsus12/faq/BPM/BPM_來訪人員預定申請單_V1.0.mht,Y,SystemTransfert,2014/07/24,SystemTransfert,2014/07/24
78a4309d-eb8d-4aa3-a727-db458c2e3fa1, ,SAP迴轉簽核,BPM,操作手冊,BPM_SAP.mht,html,http://sai-wsus12/faq/BPM/BPM_SAP.mht,Y,SystemTransfert,2014/07/24,SystemTransfert,2014/07/24
05bebb13-3cfd-4d78-9d8d-3bbcce348622, ,非責任制間接人員加班計劃表,BPM,操作手冊,BPM_非責任制加班計劃表操作流程.mht,html,http://sai-wsus12/faq/BPM/BPM_非責任制加班計劃表操作流程.mht,Y,SystemTransfert,2014/07/24,SystemTransfert,2014/07/24
c497a80f-4d08-4ea4-89a9-8fb7f66e51cf, ,航太零件申請,BPM,操作手冊,BPM_航太零件開發.mht,html,http://sai-wsus12/faq/BPM/BPM_航太零件開發.mht,Y,SystemTransfert,2014/07/24,SystemTransfert,2014/07/24
051237d2-9a1a-4fa0-8008-5876a9e345a8, ,試製通知單,BPM,操作手冊,試製通知單_V1.0.mht,html,http://sai-wsus12/faq/BPM/試製通知單_V1.0.mht,Y,SystemTransfert,2014/07/24,SystemTransfert,2014/07/24
deace7b7-974c-4281-9381-d530b2d8347b, ,SAI公佈欄,BPM,操作手冊,SAI公佈欄_V03.mht,html,http://sai-wsus12/faq/BPM/SAI公佈欄_V03.mht,Y,SystemTransfert,2014/09/24,SystemTransfert,2014/09/24
baebb55a-de62-4371-bfab-607b62709a49, ,程式版本指示表移轉單,BPM,操作手冊,BPM_操作手冊_T0003_程式版本指示表移轉單_V1.0.0.mht,html,http://sai-wsus12/faq/BPM/BPM_操作手冊_T0003_程式版本指示表移轉單_V1.0.0.mht,Y,SystemTransfert,2015/05/28,SystemTransfert,2015/05/28
d78624ab-802a-46f8-833c-30679f7f769d, ,生產程式使用申請表,BPM,操作手冊,BPM_操作手冊_T0004_生產程式使用申請表_V1.0.0.mht,html,http://sai-wsus12/faq/BPM/BPM_操作手冊_T0004_生產程式使用申請表_V1.0.0.mht,Y,SystemTransfert,2015/05/28,SystemTransfert,2015/05/28
a80c8fce-5649-4284-b430-11bfd951567c, ,實驗室檢測通知單 ,BPM,操作手冊,BPM_操作手冊_T0005_實驗室檢測通知單_V1.0.0.mht,html,http://sai-wsus12/faq/BPM/BPM_操作手冊_T0005_實驗室檢測通知單_V1.0.0.mht,Y,SystemTransfert,2015/05/28,SystemTransfert,2015/05/28
b19a1ee2-b411-4eb7-b7f2-e41230135a3f, ,底盤件出貨標示卡 ,BPM,操作手冊,BPM_操作手冊_M0001_底盤件出貨標示卡_V1.0.0.mht,html,http://sai-wsus12/faq/BPM/BPM_操作手冊_M0001_底盤件出貨標示卡_V1.0.0.mht,Y,SystemTransfert,2015/05/28,SystemTransfert,2015/05/28
064b21a3-4d0a-401f-8339-89a21956db8b, ,不合格品品質管制單 ,BPM,操作手冊,BPM_操作手冊_Q0001_不合格品品質管制單_V1.0.0.mht,html,http://sai-wsus12/faq/BPM/BPM_操作手冊_Q0001_不合格品品質管制單_V1.0.0.mht,Y,SystemTransfert,2015/05/28,SystemTransfert,2015/05/28
a6eb36b8-9d22-4f7e-a6db-46861578f3a6, ,特採單,BPM,操作手冊,特採單.mht,html,http://sai-wsus12/faq/BPM/特採單.mht,Y,SystemTransfert,2015/10/05,SystemTransfert,2015/10/05
7430bf8f-eaa3-425c-a462-ffbe14d786da, ,零用金申請單,BPM,操作手冊,BPM_操作手冊_F0001_零用金申請單_V1.0.1.mht,html,http://sai-wsus12/faq/BPM/BPM_操作手冊_F0001_零用金申請單_V1.0.1.mht,Y,SystemTransfert,2016/01/29,SystemTransfert,2016/01/29
a9015cfe-53ed-4268-a59d-5bc3c9b47f6c, ,員工聚餐申請,BPM,操作手冊,HRA0003_操作手冊_員工聚餐_V1.0.1.mht,html,http://sai-wsus12/faq/BPM/HRA0003_操作手冊_員工聚餐_V1.0.1.mht,Y,SystemTransfert,2016/03/31,SystemTransfert,2016/03/31
0de52442-8ee3-4962-bfa7-bc3b12894eb4, ,非責任制輪班人員加班管制計劃,BPM,操作手冊,HR_C0017_操作手冊_非責任制輪班人員加班計劃表_V1.1.0.0.mht,html,http://sai-wsus12/faq/BPM/HR_C0017_操作手冊_非責任制輪班人員加班計劃表_V1.1.0.0.mht,Y,SystemTransfert,2016/02/29,SystemTransfert,2016/02/29
f4d19835-2841-4287-8ad6-f6242b3a1d6f, ,職工福利金申請,BPM,操作手冊,BPM_職工福利金申請基本操作.mht,html,http://sai-wsus12/faq/BPM/BPM_職工福利金申請基本操作.mht,Y,SystemTransfert,2016/05/31,SystemTransfert,2016/05/31
a364f9a3-09cb-4f19-9c94-b5a785729272, ,公文傳閱單,BPM,操作手冊,BPM_操作手冊_A0015_公文傳閱單.mht,html,http://sai-wsus12/faq/BPM/BPM_操作手冊_A0015_公文傳閱單.mht,Y,SystemTransfert,2017/01/04,SystemTransfert,2017/01/04
22a6c496-8217-4bfd-8861-b6abe2f093c2, ,托外加工送貨單,BPM,操作手冊,BPM_操作手冊_A0012_托外加工送貨單.mht,html,http://sai-wsus12/faq/BPM/BPM_操作手冊_A0012_托外加工送貨單.mht,Y,SystemTransfert,2017/08/02,SystemTransfert,2017/08/02
51a3a825-0fdd-4f8c-9c78-d5217c070992, ,托外加工餘料送貨單,BPM,操作手冊,BPM_操作手冊_A0012_托外加工餘料送貨單.mht,html,http://sai-wsus12/faq/BPM/BPM_操作手冊_A0012_托外加工餘料送貨單.mht,Y,SystemTransfert,2017/08/02,SystemTransfert,2017/08/02
fe24e6bb-1d73-4500-9a44-b5a240c7abc8, ,檢驗紀錄送審通知單,BPM,操作手冊,BPM_操作手冊_Q0005_檢驗紀錄送審通知單_V0.0.1.mht,html,http://sai-wsus12/faq/BPM/BPM_操作手冊_Q0005_檢驗紀錄送審通知單_V0.0.1.mht,Y,SystemTransfert,2017/08/21,SystemTransfert,2017/08/21
0bb8aff5-8f2a-4840-bbea-7826cb4f6d21, ,派車／出廠單,BPM,操作手冊,BPM_派車／出廠單.mht,html,http://sai-wsus12/faq/BPM/BPM_派車／出廠單.mht,Y,SystemTransfert,2018/06/26,SystemTransfert,2018/06/26
f318eaac-398c-4f77-9a28-7bc560190523, ,門禁權限申請單,BPM,操作手冊,BPM_操作手冊_門禁權限申請單_V1.0.0.mht,html,http://sai-wsus12/faq/BPM/BPM_操作手冊_門禁權限申請單_V1.0.0.mht,Y,SystemTransfert,2018/07/24,SystemTransfert,2018/07/24
36335935-23de-4d56-bc25-e412c46e0676, ,年假時數申請單,BPM,操作手冊,BPM_操作手冊_年假時數申請單_V2.0.0.mht,html,http://sai-wsus12/faq/BPM/BPM_操作手冊_年假時數申請單_V2.0.0.mht,Y,SystemTransfert,2018/09/17,SystemTransfert,2018/09/17
5bf57722-a61f-4e22-871a-ab27724642d0, ,用印申請單,BPM,操作手冊,BPM_A0011_用印申請單.mht,html,http://sai-wsus12/faq/BPM/BPM_A0011_用印申請單.mht,Y,SystemTransfert,2018/10/02,SystemTransfert,2018/10/02
9c3453c4-4dd4-4439-b631-19a788711a00, ,UPLOAD_TEST_3_04:02:34,BPM,FAQ,20180917A.txt,file,http://192.168.1.39:80/uploads/BPM/FAQ/20180917A.txt,N,h7925,2018/11/28,h7925,2018/11/28
f4d7877f-9858-429a-9ad8-f6c90b887e6f, ,UPLOAD_TEST_0,資訊安全,測試分類,180921.txt,file,http://localhost:49743/uploads/資訊安全/測試分類/180925.txt,N,h7925,2018/11/27,h7925,2018/11/27
7d8abda3-1242-448a-9f5c-c36567fb510f, ,UPLOAD_TEST_1_11:58:40,資訊安全,測試分類,20181128.txt,file,http://192.168.1.39:80/KM/uploads/資訊安全/測試分類/20181128.txt,N,h7925,2018/11/27,h7925,2018/11/28
37144da4-63d5-452a-8d46-b24da5d6631b, ,UPLOAD_TEST_2_01:57:01,資訊安全,測試分類,sql181017_PLM.txt,file,http://localhost:49743/uploads/資訊安全/測試分類/sql181017_PLM.txt,N,h7925,2018/11/28,h7925,2018/11/29
e1ed333b-4b2a-4cc6-9613-378a9577cfd1,測試,UPLOAD_TEST_3,資訊安全,測試分類,20180917A.txt,file,http://192.168.1.39:80/KM/uploads/資訊安全/測試分類/20180917A.txt,N,h7925,2018/11/28,h7925,2018/11/29
